TDSFU Daily run: Thu Oct 23 15:38:32 UTC 2025 TDSFU
TDSFU Daily run: Fri Oct 24 04:34:20 UTC 2025 TDSFU
TDSFU Daily run: Sat Oct 25 04:33:37 UTC 2025 TDSFU
TDSFU Daily run: Sun Oct 26 04:33:49 UTC 2025 TDSFU
TDSFU Daily run: Mon Oct 27 04:42:58 UTC 2025 TDSFU
TDSFU Daily run: Tue Oct 28 04:35:41 UTC 2025 TDSFU
TDSFU Daily run: Wed Oct 29 04:41:30 UTC 2025 TDSFU
TDSFU Daily run: Thu Oct 30 04:35:24 UTC 2025 TDSFU
TDSFU Daily run: Fri Oct 31 04:38:26 UTC 2025 TDSFU
TDSFU Daily run: Sat Nov  1 04:33:06 UTC 2025 TDSFU
TDSFU Daily run: Sun Nov  2 04:35:51 UTC 2025 TDSFU
TDSFU Daily run: Mon Nov  3 04:42:05 UTC 2025 TDSFU
TDSFU Daily run: Tue Nov  4 04:35:56 UTC 2025 TDSFU
TDSFU Daily run: Wed Nov  5 04:36:39 UTC 2025 TDSFU
